attributes__kode_unsur,attributes__kabupaten,attributes__sumber,attributes__kab_kota,attributes__sumber_dat,attributes__ks_baru,attributes__ks_lama,attributes__ks_total,attributes__kp_baru,attributes__kp_lama,attributes__kp_total,attributes__kk_kb_berg,attributes__kk_kb_tida,attributes__kk_kb_juml,attributes__kk_kasus_l,attributes__kk_total,attributes__selesai_is,attributes__ke_kasus_b,attributes__ke_dalam_p,attributes__ke_total,attributes__pp_kasus_b,attributes__pp_dalam_p,attributes__pp_selesai,attributes__pp_total,attributes__jumlah_kas,attributes__kmk_baru,attributes__kmk_lama,attributes__kmk_total,attributes__st_area_sh,attributes__st_length_,attributes__ks_dalam_p,attributes__pp_skrinin,attributes__status,attributes__resiko,attributes__analisa,attributes__objectid,attributes__st_length(shape),attributes__st_area(shape),geometry__rings__001,geometry__rings__002
40404,Kota Bandar Lampung,Peta RBI Skala 1:25000,Bandar Lampung,Dinas Kesehatan,31,1,36,0,0,1,3,0,3,156,1660,707,0,43,54,0,0,6957,7172,7172,0,8,110,0.01496453,1.02378292,4,7172,Terdampak,Resiko Tinggi,Potensi Penyebaran Virus Tidak Terkendali,8,1.02378292,0.014964525,1199,63
,,,,,,,,,,,,,,,,,,,,,,,,,,,,,,,,,,,,,,-1,0
,,,,,,,,,,,,,,,,,,,,,,,,,,,,,,,,,,,,,,0,-1
,,,,,,,,,,,,,,,,,,,,,,,,,,,,,,,,,,,,,,0,1
,,,,,,,,,,,,,,,,,,,,,,,,,,,,,,,,,,,,,,0,-1
,,,,,,,,,,,,,,,,,,,,,,,,,,,,,,,,,,,,,,-1,0
,,,,,,,,,,,,,,,,,,,,,,,,,,,,,,,,,,,,,,0,1
,,,,,,,,,,,,,,,,,,,,,,,,,,,,,,,,,,,,,,0,-1
,,,,,,,,,,,,,,,,,,,,,,,,,,,,,,,,,,,,,,0,-1
,,,,,,,,,,,,,,,,,,,,,,,,,,,,,,,,,,,,,,1,0
,,,,,,,,,,,,,,,,,,,,,,,,,,,,,,,,,,,,,,0,1
,,,,,,,,,,,,,,,,,,,,,,,,,,,,,,,,,,,,,,1,0
,,,,,,,,,,,,,,,,,,,,,,,,,,,,,,,,,,,,,,-1,0
,,,,,,,,,,,,,,,,,,,,,,,,,,,,,,,,,,,,,,1,0
,,,,,,,,,,,,,,,,,,,,,,,,,,,,,,,,,,,,,,-1,0
,,,,,,,,,,,,,,,,,,,,,,,,,,,,,,,,,,,,,,0,1
,,,,,,,,,,,,,,,,,,,,,,,,,,,,,,,,,,,,,,1,0
40404,Lampung Tengah,Peta RBI Skala 1:25000,Lampung Tengah,Dinas Kesehatan,1,1,4,0,2,9,0,1,1,36,438,264,0,6,54,4,94,35123,35373,1177,0,1,10,0.370735,5.63988552,2,31,Terdampak,Resiko Sedang,Kasus tetap,7,5.639885508,0.370734997,1204,53
,,,,,,,,,,,,,,,,,,,,,,,,,,,,,,,,,,,,,,0,1
,,,,,,,,,,,,,,,,,,,,,,,,,,,,,,,,,,,,,,0,-1
,,,,,,,,,,,,,,,,,,,,,,,,,,,,,,,,,,,,,,0,1
,,,,,,,,,,,,,,,,,,,,,,,,,,,,,,,,,,,,,,-1,0
,,,,,,,,,,,,,,,,,,,,,,,,,,,,,,,,,,,,,,-1,0
,,,,,,,,,,,,,,,,,,,,,,,,,,,,,,,,,,,,,,0,1
,,,,,,,,,,,,,,,,,,,,,,,,,,,,,,,,,,,,,,0,-1
,,,,,,,,,,,,,,,,,,,,,,,,,,,,,,,,,,,,,,0,1
,,,,,,,,,,,,,,,,,,,,,,,,,,,,,,,,,,,,,,-1,0
,,,,,,,,,,,,,,,,,,,,,,,,,,,,,,,,,,,,,,0,1
,,,,,,,,,,,,,,,,,,,,,,,,,,,,,,,,,,,,,,-1,0
,,,,,,,,,,,,,,,,,,,,,,,,,,,,,,,,,,,,,,-1,0
,,,,,,,,,,,,,,,,,,,,,,,,,,,,,,,,,,,,,,0,1
,,,,,,,,,,,,,,,,,,,,,,,,,,,,,,,,,,,,,,0,-1
,,,,,,,,,,,,,,,,,,,,,,,,,,,,,,,,,,,,,,0,1
,,,,,,,,,,,,,,,,,,,,,,,,,,,,,,,,,,,,,,0,-1
,,,,,,,,,,,,,,,,,,,,,,,,,,,,,,,,,,,,,,0,1
,,,,,,,,,,,,,,,,,,,,,,,,,,,,,,,,,,,,,,0,-1
,,,,,,,,,,,,,,,,,,,,,,,,,,,,,,,,,,,,,,0,1
,,,,,,,,,,,,,,,,,,,,,,,,,,,,,,,,,,,,,,0,-1
,,,,,,,,,,,,,,,,,,,,,,,,,,,,,,,,,,,,,,0,1
,,,,,,,,,,,,,,,,,,,,,,,,,,,,,,,,,,,,,,0,-1
,,,,,,,,,,,,,,,,,,,,,,,,,,,,,,,,,,,,,,0,1
,,,,,,,,,,,,,,,,,,,,,,,,,,,,,,,,,,,,,,0,-1
,,,,,,,,,,,,,,,,,,,,,,,,,,,,,,,,,,,,,,0,1
,,,,,,,,,,,,,,,,,,,,,,,,,,,,,,,,,,,,,,0,-1
,,,,,,,,,,,,,,,,,,,,,,,,,,,,,,,,,,,,,,0,1
,,,,,,,,,,,,,,,,,,,,,,,,,,,,,,,,,,,,,,-1,0
,,,,,,,,,,,,,,,,,,,,,,,,,,,,,,,,,,,,,,1,0
,,,,,,,,,,,,,,,,,,,,,,,,,,,,,,,,,,,,,,-1,0
,,,,,,,,,,,,,,,,,,,,,,,,,,,,,,,,,,,,,,0,1
,,,,,,,,,,,,,,,,,,,,,,,,,,,,,,,,,,,,,,0,-1
,,,,,,,,,,,,,,,,,,,,,,,,,,,,,,,,,,,,,,0,1
,,,,,,,,,,,,,,,,,,,,,,,,,,,,,,,,,,,,,,0,1
,,,,,,,,,,,,,,,,,,,,,,,,,,,,,,,,,,,,,,-1,0
,,,,,,,,,,,,,,,,,,,,,,,,,,,,,,,,,,,,,,0,-1
,,,,,,,,,,,,,,,,,,,,,,,,,,,,,,,,,,,,,,0,1
,,,,,,,,,,,,,,,,,,,,,,,,,,,,,,,,,,,,,,-1,0
,,,,,,,,,,,,,,,,,,,,,,,,,,,,,,,,,,,,,,0,-1
,,,,,,,,,,,,,,,,,,,,,,,,,,,,,,,,,,,,,,0,1
,,,,,,,,,,,,,,,,,,,,,,,,,,,,,,,,,,,,,,0,-1
,,,,,,,,,,,,,,,,,,,,,,,,,,,,,,,,,,,,,,0,1
,,,,,,,,,,,,,,,,,,,,,,,,,,,,,,,,,,,,,,0,-1
,,,,,,,,,,,,,,,,,,,,,,,,,,,,,,,,,,,,,,0,1
,,,,,,,,,,,,,,,,,,,,,,,,,,,,,,,,,,,,,,0,-1
,,,,,,,,,,,,,,,,,,,,,,,,,,,,,,,,,,,,,,-1,0
,,,,,,,,,,,,,,,,,,,,,,,,,,,,,,,,,,,,,,1,0
,,,,,,,,,,,,,,,,,,,,,,,,,,,,,,,,,,,,,,0,1
,,,,,,,,,,,,,,,,,,,,,,,,,,,,,,,,,,,,,,-1,0
,,,,,,,,,,,,,,,,,,,,,,,,,,,,,,,,,,,,,,0,1
,,,,,,,,,,,,,,,,,,,,,,,,,,,,,,,,,,,,,,0,-1
,,,,,,,,,,,,,,,,,,,,,,,,,,,,,,,,,,,,,,0,1
,,,,,,,,,,,,,,,,,,,,,,,,,,,,,,,,,,,,,,-1,0
,,,,,,,,,,,,,,,,,,,,,,,,,,,,,,,,,,,,,,-1,0
,,,,,,,,,,,,,,,,,,,,,,,,,,,,,,,,,,,,,,0,-1
,,,,,,,,,,,,,,,,,,,,,,,,,,,,,,,,,,,,,,-1,0
,,,,,,,,,,,,,,,,,,,,,,,,,,,,,,,,,,,,,,0,-1
,,,,,,,,,,,,,,,,,,,,,,,,,,,,,,,,,,,,,,-1,0
,,,,,,,,,,,,,,,,,,,,,,,,,,,,,,,,,,,,,,0,1
,,,,,,,,,,,,,,,,,,,,,,,,,,,,,,,,,,,,,,0,-1
,,,,,,,,,,,,,,,,,,,,,,,,,,,,,,,,,,,,,,-1,0
,,,,,,,,,,,,,,,,,,,,,,,,,,,,,,,,,,,,,,0,1
,,,,,,,,,,,,,,,,,,,,,,,,,,,,,,,,,,,,,,0,-1
,,,,,,,,,,,,,,,,,,,,,,,,,,,,,,,,,,,,,,1,0
,,,,,,,,,,,,,,,,,,,,,,,,,,,,,,,,,,,,,,1,0
,,,,,,,,,,,,,,,,,,,,,,,,,,,,,,,,,,,,,,0,-1
,,,,,,,,,,,,,,,,,,,,,,,,,,,,,,,,,,,,,,1,0
,,,,,,,,,,,,,,,,,,,,,,,,,,,,,,,,,,,,,,1,0
,,,,,,,,,,,,,,,,,,,,,,,,,,,,,,,,,,,,,,0,-1
,,,,,,,,,,,,,,,,,,,,,,,,,,,,,,,,,,,,,,1,0
,,,,,,,,,,,,,,,,,,,,,,,,,,,,,,,,,,,,,,0,1
,,,,,,,,,,,,,,,,,,,,,,,,,,,,,,,,,,,,,,0,-1
,,,,,,,,,,,,,,,,,,,,,,,,,,,,,,,,,,,,,,0,-1
,,,,,,,,,,,,,,,,,,,,,,,,,,,,,,,,,,,,,,1,0
,,,,,,,,,,,,,,,,,,,,,,,,,,,,,,,,,,,,,,0,-1
,,,,,,,,,,,,,,,,,,,,,,,,,,,,,,,,,,,,,,0,-1
,,,,,,,,,,,,,,,,,,,,,,,,,,,,,,,,,,,,,,1,0
,,,,,,,,,,,,,,,,,,,,,,,,,,,,,,,,,,,,,,0,-1
,,,,,,,,,,,,,,,,,,,,,,,,,,,,,,,,,,,,,,0,1
,,,,,,,,,,,,,,,,,,,,,,,,,,,,,,,,,,,,,,1,0
,,,,,,,,,,,,,,,,,,,,,,,,,,,,,,,,,,,,,,0,-1
,,,,,,,,,,,,,,,,,,,,,,,,,,,,,,,,,,,,,,1,0
,,,,,,,,,,,,,,,,,,,,,,,,,,,,,,,,,,,,,,-1,0
,,,,,,,,,,,,,,,,,,,,,,,,,,,,,,,,,,,,,,1,0
,,,,,,,,,,,,,,,,,,,,,,,,,,,,,,,,,,,,,,0,-1
,,,,,,,,,,,,,,,,,,,,,,,,,,,,,,,,,,,,,,0,1
,,,,,,,,,,,,,,,,,,,,,,,,,,,,,,,,,,,,,,0,-1
,,,,,,,,,,,,,,,,,,,,,,,,,,,,,,,,,,,,,,0,1
,,,,,,,,,,,,,,,,,,,,,,,,,,,,,,,,,,,,,,0,-1
,,,,,,,,,,,,,,,,,,,,,,,,,,,,,,,,,,,,,,1,0
,,,,,,,,,,,,,,,,,,,,,,,,,,,,,,,,,,,,,,1,0
,,,,,,,,,,,,,,,,,,,,,,,,,,,,,,,,,,,,,,0,1
,,,,,,,,,,,,,,,,,,,,,,,,,,,,,,,,,,,,,,0,-1
,,,,,,,,,,,,,,,,,,,,,,,,,,,,,,,,,,,,,,1,0
,,,,,,,,,,,,,,,,,,,,,,,,,,,,,,,,,,,,,,0,1
,,,,,,,,,,,,,,,,,,,,,,,,,,,,,,,,,,,,,,0,-1
,,,,,,,,,,,,,,,,,,,,,,,,,,,,,,,,,,,,,,1,0
,,,,,,,,,,,,,,,,,,,,,,,,,,,,,,,,,,,,,,0,1
,,,,,,,,,,,,,,,,,,,,,,,,,,,,,,,,,,,,,,0,-1
,,,,,,,,,,,,,,,,,,,,,,,,,,,,,,,,,,,,,,0,1
,,,,,,,,,,,,,,,,,,,,,,,,,,,,,,,,,,,,,,1,0
,,,,,,,,,,,,,,,,,,,,,,,,,,,,,,,,,,,,,,0,1
40404,Lampung Utara,Peta RBI Skala 1:25000,Lampung Utara,Dinas Kesehatan,0,147,1,0,6,13,0,0,0,28,247,189,18,196,28,2,11,0,69,162,0,1,5,0.20637082,2.98774789,0,69,Terdampak,Resiko Rendah,Kasus tetap,4,2.987747885,0.206370822,1194,52
,,,,,,,,,,,,,,,,,,,,,,,,,,,,,,,,,,,,,,1,0
,,,,,,,,,,,,,,,,,,,,,,,,,,,,,,,,,,,,,,-1,0
,,,,,,,,,,,,,,,,,,,,,,,,,,,,,,,,,,,,,,1,0
,,,,,,,,,,,,,,,,,,,,,,,,,,,,,,,,,,,,,,0,1
,,,,,,,,,,,,,,,,,,,,,,,,,,,,,,,,,,,,,,-1,0
,,,,,,,,,,,,,,,,,,,,,,,,,,,,,,,,,,,,,,1,0
,,,,,,,,,,,,,,,,,,,,,,,,,,,,,,,,,,,,,,0,1
,,,,,,,,,,,,,,,,,,,,,,,,,,,,,,,,,,,,,,1,0
,,,,,,,,,,,,,,,,,,,,,,,,,,,,,,,,,,,,,,0,1
,,,,,,,,,,,,,,,,,,,,,,,,,,,,,,,,,,,,,,-1,0
,,,,,,,,,,,,,,,,,,,,,,,,,,,,,,,,,,,,,,0,1
,,,,,,,,,,,,,,,,,,,,,,,,,,,,,,,,,,,,,,0,1
,,,,,,,,,,,,,,,,,,,,,,,,,,,,,,,,,,,,,,0,-1
,,,,,,,,,,,,,,,,,,,,,,,,,,,,,,,,,,,,,,-1,0
,,,,,,,,,,,,,,,,,,,,,,,,,,,,,,,,,,,,,,0,1
,,,,,,,,,,,,,,,,,,,,,,,,,,,,,,,,,,,,,,-1,0
,,,,,,,,,,,,,,,,,,,,,,,,,,,,,,,,,,,,,,-1,0
,,,,,,,,,,,,,,,,,,,,,,,,,,,,,,,,,,,,,,0,1
,,,,,,,,,,,,,,,,,,,,,,,,,,,,,,,,,,,,,,-1,0
,,,,,,,,,,,,,,,,,,,,,,,,,,,,,,,,,,,,,,-1,0
,,,,,,,,,,,,,,,,,,,,,,,,,,,,,,,,,,,,,,0,-1
,,,,,,,,,,,,,,,,,,,,,,,,,,,,,,,,,,,,,,-1,0
,,,,,,,,,,,,,,,,,,,,,,,,,,,,,,,,,,,,,,0,-1
,,,,,,,,,,,,,,,,,,,,,,,,,,,,,,,,,,,,,,0,-1
,,,,,,,,,,,,,,,,,,,,,,,,,,,,,,,,,,,,,,1,0
,,,,,,,,,,,,,,,,,,,,,,,,,,,,,,,,,,,,,,-1,0
,,,,,,,,,,,,,,,,,,,,,,,,,,,,,,,,,,,,,,1,0
,,,,,,,,,,,,,,,,,,,,,,,,,,,,,,,,,,,,,,1,0
,,,,,,,,,,,,,,,,,,,,,,,,,,,,,,,,,,,,,,0,-1
,,,,,,,,,,,,,,,,,,,,,,,,,,,,,,,,,,,,,,-1,0
,,,,,,,,,,,,,,,,,,,,,,,,,,,,,,,,,,,,,,1,0
,,,,,,,,,,,,,,,,,,,,,,,,,,,,,,,,,,,,,,-1,0
,,,,,,,,,,,,,,,,,,,,,,,,,,,,,,,,,,,,,,1,0
,,,,,,,,,,,,,,,,,,,,,,,,,,,,,,,,,,,,,,-1,0
,,,,,,,,,,,,,,,,,,,,,,,,,,,,,,,,,,,,,,0,-1
,,,,,,,,,,,,,,,,,,,,,,,,,,,,,,,,,,,,,,1,0
,,,,,,,,,,,,,,,,,,,,,,,,,,,,,,,,,,,,,,0,-1
,,,,,,,,,,,,,,,,,,,,,,,,,,,,,,,,,,,,,,0,1
,,,,,,,,,,,,,,,,,,,,,,,,,,,,,,,,,,,,,,0,-1
,,,,,,,,,,,,,,,,,,,,,,,,,,,,,,,,,,,,,,0,1
,,,,,,,,,,,,,,,,,,,,,,,,,,,,,,,,,,,,,,0,-1
,,,,,,,,,,,,,,,,,,,,,,,,,,,,,,,,,,,,,,1,0
,,,,,,,,,,,,,,,,,,,,,,,,,,,,,,,,,,,,,,1,0
,,,,,,,,,,,,,,,,,,,,,,,,,,,,,,,,,,,,,,1,0
40404,Lampung Selatan,Peta RBI Skala 1:25000,Lampung Selatan,Dinas Kesehatan,2,1,0,0,1,2,0,0,0,36,199,139,0,7,1,0,208,20913,21121,720,0,1,10,0.1812681,5.22946628,1,21121,Terdampak,Resiko Sedang,Kasus tetap,3,5.229466285,0.181268103,1204,64
,,,,,,,,,,,,,,,,,,,,,,,,,,,,,,,,,,,,,,0,1
,,,,,,,,,,,,,,,,,,,,,,,,,,,,,,,,,,,,,,0,1
,,,,,,,,,,,,,,,,,,,,,,,,,,,,,,,,,,,,,,-1,0
,,,,,,,,,,,,,,,,,,,,,,,,,,,,,,,,,,,,,,1,0
,,,,,,,,,,,,,,,,,,,,,,,,,,,,,,,,,,,,,,0,1
,,,,,,,,,,,,,,,,,,,,,,,,,,,,,,,,,,,,,,-1,0
,,,,,,,,,,,,,,,,,,,,,,,,,,,,,,,,,,,,,,-1,0
,,,,,,,,,,,,,,,,,,,,,,,,,,,,,,,,,,,,,,0,-1
,,,,,,,,,,,,,,,,,,,,,,,,,,,,,,,,,,,,,,0,1
,,,,,,,,,,,,,,,,,,,,,,,,,,,,,,,,,,,,,,0,-1
,,,,,,,,,,,,,,,,,,,,,,,,,,,,,,,,,,,,,,0,1
,,,,,,,,,,,,,,,,,,,,,,,,,,,,,,,,,,,,,,0,-1
,,,,,,,,,,,,,,,,,,,,,,,,,,,,,,,,,,,,,,-1,0
,,,,,,,,,,,,,,,,,,,,,,,,,,,,,,,,,,,,,,0,-1
,,,,,,,,,,,,,,,,,,,,,,,,,,,,,,,,,,,,,,-1,0
,,,,,,,,,,,,,,,,,,,,,,,,,,,,,,,,,,,,,,0,-1
,,,,,,,,,,,,,,,,,,,,,,,,,,,,,,,,,,,,,,-1,0
,,,,,,,,,,,,,,,,,,,,,,,,,,,,,,,,,,,,,,0,-1
,,,,,,,,,,,,,,,,,,,,,,,,,,,,,,,,,,,,,,-1,0
,,,,,,,,,,,,,,,,,,,,,,,,,,,,,,,,,,,,,,0,-1
,,,,,,,,,,,,,,,,,,,,,,,,,,,,,,,,,,,,,,1,0
,,,,,,,,,,,,,,,,,,,,,,,,,,,,,,,,,,,,,,-1,0
,,,,,,,,,,,,,,,,,,,,,,,,,,,,,,,,,,,,,,1,0
,,,,,,,,,,,,,,,,,,,,,,,,,,,,,,,,,,,,,,-1,0
,,,,,,,,,,,,,,,,,,,,,,,,,,,,,,,,,,,,,,0,-1
,,,,,,,,,,,,,,,,,,,,,,,,,,,,,,,,,,,,,,-1,0
,,,,,,,,,,,,,,,,,,,,,,,,,,,,,,,,,,,,,,-1,0
,,,,,,,,,,,,,,,,,,,,,,,,,,,,,,,,,,,,,,0,-1
,,,,,,,,,,,,,,,,,,,,,,,,,,,,,,,,,,,,,,1,0
,,,,,,,,,,,,,,,,,,,,,,,,,,,,,,,,,,,,,,-1,0
,,,,,,,,,,,,,,,,,,,,,,,,,,,,,,,,,,,,,,0,-1
,,,,,,,,,,,,,,,,,,,,,,,,,,,,,,,,,,,,,,1,0
,,,,,,,,,,,,,,,,,,,,,,,,,,,,,,,,,,,,,,1,0
,,,,,,,,,,,,,,,,,,,,,,,,,,,,,,,,,,,,,,0,1
,,,,,,,,,,,,,,,,,,,,,,,,,,,,,,,,,,,,,,1,0
,,,,,,,,,,,,,,,,,,,,,,,,,,,,,,,,,,,,,,0,-1
,,,,,,,,,,,,,,,,,,,,,,,,,,,,,,,,,,,,,,0,1
,,,,,,,,,,,,,,,,,,,,,,,,,,,,,,,,,,,,,,1,0
,,,,,,,,,,,,,,,,,,,,,,,,,,,,,,,,,,,,,,-1,0
,,,,,,,,,,,,,,,,,,,,,,,,,,,,,,,,,,,,,,0,1
,,,,,,,,,,,,,,,,,,,,,,,,,,,,,,,,,,,,,,0,-1
,,,,,,,,,,,,,,,,,,,,,,,,,,,,,,,,,,,,,,1,0
,,,,,,,,,,,,,,,,,,,,,,,,,,,,,,,,,,,,,,0,1
,,,,,,,,,,,,,,,,,,,,,,,,,,,,,,,,,,,,,,1,0
,,,,,,,,,,,,,,,,,,,,,,,,,,,,,,,,,,,,,,0,1
,,,,,,,,,,,,,,,,,,,,,,,,,,,,,,,,,,,,,,-1,0
,,,,,,,,,,,,,,,,,,,,,,,,,,,,,,,,,,,,,,1,0
,,,,,,,,,,,,,,,,,,,,,,,,,,,,,,,,,,,,,,0,1
,,,,,,,,,,,,,,,,,,,,,,,,,,,,,,,,,,,,,,1,0
,,,,,,,,,,,,,,,,,,,,,,,,,,,,,,,,,,,,,,0,1
,,,,,,,,,,,,,,,,,,,,,,,,,,,,,,,,,,,,,,1,0
,,,,,,,,,,,,,,,,,,,,,,,,,,,,,,,,,,,,,,1,0
,,,,,,,,,,,,,,,,,,,,,,,,,,,,,,,,,,,,,,1200,67
,,,,,,,,,,,,,,,,,,,,,,,,,,,,,,,,,,,,,,0,1
,,,,,,,,,,,,,,,,,,,,,,,,,,,,,,,,,,,,,,1,0
,,,,,,,,,,,,,,,,,,,,,,,,,,,,,,,,,,,,,,-1,0
,,,,,,,,,,,,,,,,,,,,,,,,,,,,,,,,,,,,,,1,0
,,,,,,,,,,,,,,,,,,,,,,,,,,,,,,,,,,,,,,-1,0
,,,,,,,,,,,,,,,,,,,,,,,,,,,,,,,,,,,,,,0,-1
,,,,,,,,,,,,,,,,,,,,,,,,,,,,,,,,,,,,,,1201,67
,,,,,,,,,,,,,,,,,,,,,,,,,,,,,,,,,,,,,,-1,0
,,,,,,,,,,,,,,,,,,,,,,,,,,,,,,,,,,,,,,1,0
,,,,,,,,,,,,,,,,,,,,,,,,,,,,,,,,,,,,,,1200,70
,,,,,,,,,,,,,,,,,,,,,,,,,,,,,,,,,,,,,,-1,0
,,,,,,,,,,,,,,,,,,,,,,,,,,,,,,,,,,,,,,1,0
,,,,,,,,,,,,,,,,,,,,,,,,,,,,,,,,,,,,,,1199,69
,,,,,,,,,,,,,,,,,,,,,,,,,,,,,,,,,,,,,,0,1
,,,,,,,,,,,,,,,,,,,,,,,,,,,,,,,,,,,,,,0,-1
,,,,,,,,,,,,,,,,,,,,,,,,,,,,,,,,,,,,,,1200,70
,,,,,,,,,,,,,,,,,,,,,,,,,,,,,,,,,,,,,,0,-1
,,,,,,,,,,,,,,,,,,,,,,,,,,,,,,,,,,,,,,0,1
,,,,,,,,,,,,,,,,,,,,,,,,,,,,,,,,,,,,,,1204,67
,,,,,,,,,,,,,,,,,,,,,,,,,,,,,,,,,,,,,,-1,0
,,,,,,,,,,,,,,,,,,,,,,,,,,,,,,,,,,,,,,1,0
,,,,,,,,,,,,,,,,,,,,,,,,,,,,,,,,,,,,,,1199,69
,,,,,,,,,,,,,,,,,,,,,,,,,,,,,,,,,,,,,,1,0
,,,,,,,,,,,,,,,,,,,,,,,,,,,,,,,,,,,,,,0,1
,,,,,,,,,,,,,,,,,,,,,,,,,,,,,,,,,,,,,,-1,0
,,,,,,,,,,,,,,,,,,,,,,,,,,,,,,,,,,,,,,0,-1
,,,,,,,,,,,,,,,,,,,,,,,,,,,,,,,,,,,,,,1204,67
,,,,,,,,,,,,,,,,,,,,,,,,,,,,,,,,,,,,,,-1,0
,,,,,,,,,,,,,,,,,,,,,,,,,,,,,,,,,,,,,,1,0
,,,,,,,,,,,,,,,,,,,,,,,,,,,,,,,,,,,,,,1203,67
,,,,,,,,,,,,,,,,,,,,,,,,,,,,,,,,,,,,,,1,0
,,,,,,,,,,,,,,,,,,,,,,,,,,,,,,,,,,,,,,-1,0
40404,Pesawaran,Peta RBI Skala 1:25000,Pesawaran,Dinas Kesehatan,0,0,18,0,5,7,0,0,0,12,172,144,0,0,0,3,34,10768,10828,188,0,0,7,0.10444427,4.61222138,0,14,Terdampak,Resiko Tinggi,Kasus tetap,14,4.612221377,0.104444268,1198,59
,,,,,,,,,,,,,,,,,,,,,,,,,,,,,,,,,,,,,,-1,0
,,,,,,,,,,,,,,,,,,,,,,,,,,,,,,,,,,,,,,-1,0
,,,,,,,,,,,,,,,,,,,,,,,,,,,,,,,,,,,,,,0,1
,,,,,,,,,,,,,,,,,,,,,,,,,,,,,,,,,,,,,,1,0
,,,,,,,,,,,,,,,,,,,,,,,,,,,,,,,,,,,,,,-1,0
,,,,,,,,,,,,,,,,,,,,,,,,,,,,,,,,,,,,,,0,1
,,,,,,,,,,,,,,,,,,,,,,,,,,,,,,,,,,,,,,1,0
,,,,,,,,,,,,,,,,,,,,,,,,,,,,,,,,,,,,,,0,1
,,,,,,,,,,,,,,,,,,,,,,,,,,,,,,,,,,,,,,0,1
,,,,,,,,,,,,,,,,,,,,,,,,,,,,,,,,,,,,,,0,-1
,,,,,,,,,,,,,,,,,,,,,,,,,,,,,,,,,,,,,,1,0
,,,,,,,,,,,,,,,,,,,,,,,,,,,,,,,,,,,,,,0,1
,,,,,,,,,,,,,,,,,,,,,,,,,,,,,,,,,,,,,,-1,0
,,,,,,,,,,,,,,,,,,,,,,,,,,,,,,,,,,,,,,1,0
,,,,,,,,,,,,,,,,,,,,,,,,,,,,,,,,,,,,,,-1,0
,,,,,,,,,,,,,,,,,,,,,,,,,,,,,,,,,,,,,,1,0
,,,,,,,,,,,,,,,,,,,,,,,,,,,,,,,,,,,,,,-1,0
,,,,,,,,,,,,,,,,,,,,,,,,,,,,,,,,,,,,,,1,0
,,,,,,,,,,,,,,,,,,,,,,,,,,,,,,,,,,,,,,-1,0
,,,,,,,,,,,,,,,,,,,,,,,,,,,,,,,,,,,,,,0,1
,,,,,,,,,,,,,,,,,,,,,,,,,,,,,,,,,,,,,,1,0
,,,,,,,,,,,,,,,,,,,,,,,,,,,,,,,,,,,,,,-1,0
,,,,,,,,,,,,,,,,,,,,,,,,,,,,,,,,,,,,,,0,1
,,,,,,,,,,,,,,,,,,,,,,,,,,,,,,,,,,,,,,-1,0
,,,,,,,,,,,,,,,,,,,,,,,,,,,,,,,,,,,,,,0,1
,,,,,,,,,,,,,,,,,,,,,,,,,,,,,,,,,,,,,,0,-1
,,,,,,,,,,,,,,,,,,,,,,,,,,,,,,,,,,,,,,0,1
,,,,,,,,,,,,,,,,,,,,,,,,,,,,,,,,,,,,,,1,0
,,,,,,,,,,,,,,,,,,,,,,,,,,,,,,,,,,,,,,-1,0
,,,,,,,,,,,,,,,,,,,,,,,,,,,,,,,,,,,,,,1,0
,,,,,,,,,,,,,,,,,,,,,,,,,,,,,,,,,,,,,,-1,0
,,,,,,,,,,,,,,,,,,,,,,,,,,,,,,,,,,,,,,0,-1
,,,,,,,,,,,,,,,,,,,,,,,,,,,,,,,,,,,,,,0,-1
,,,,,,,,,,,,,,,,,,,,,,,,,,,,,,,,,,,,,,0,1
,,,,,,,,,,,,,,,,,,,,,,,,,,,,,,,,,,,,,,0,-1
,,,,,,,,,,,,,,,,,,,,,,,,,,,,,,,,,,,,,,-1,0
,,,,,,,,,,,,,,,,,,,,,,,,,,,,,,,,,,,,,,-1,0
,,,,,,,,,,,,,,,,,,,,,,,,,,,,,,,,,,,,,,0,-1
,,,,,,,,,,,,,,,,,,,,,,,,,,,,,,,,,,,,,,0,-1
,,,,,,,,,,,,,,,,,,,,,,,,,,,,,,,,,,,,,,1,0
,,,,,,,,,,,,,,,,,,,,,,,,,,,,,,,,,,,,,,0,-1
,,,,,,,,,,,,,,,,,,,,,,,,,,,,,,,,,,,,,,0,1
,,,,,,,,,,,,,,,,,,,,,,,,,,,,,,,,,,,,,,0,-1
,,,,,,,,,,,,,,,,,,,,,,,,,,,,,,,,,,,,,,1,0
,,,,,,,,,,,,,,,,,,,,,,,,,,,,,,,,,,,,,,-1,0
,,,,,,,,,,,,,,,,,,,,,,,,,,,,,,,,,,,,,,1,0
,,,,,,,,,,,,,,,,,,,,,,,,,,,,,,,,,,,,,,-1,0
,,,,,,,,,,,,,,,,,,,,,,,,,,,,,,,,,,,,,,0,-1
,,,,,,,,,,,,,,,,,,,,,,,,,,,,,,,,,,,,,,1,0
,,,,,,,,,,,,,,,,,,,,,,,,,,,,,,,,,,,,,,0,-1
,,,,,,,,,,,,,,,,,,,,,,,,,,,,,,,,,,,,,,-1,0
,,,,,,,,,,,,,,,,,,,,,,,,,,,,,,,,,,,,,,0,1
,,,,,,,,,,,,,,,,,,,,,,,,,,,,,,,,,,,,,,1,0
,,,,,,,,,,,,,,,,,,,,,,,,,,,,,,,,,,,,,,-1,0
,,,,,,,,,,,,,,,,,,,,,,,,,,,,,,,,,,,,,,0,-1
,,,,,,,,,,,,,,,,,,,,,,,,,,,,,,,,,,,,,,1,0
,,,,,,,,,,,,,,,,,,,,,,,,,,,,,,,,,,,,,,0,-1
,,,,,,,,,,,,,,,,,,,,,,,,,,,,,,,,,,,,,,-1,0
,,,,,,,,,,,,,,,,,,,,,,,,,,,,,,,,,,,,,,1,0
,,,,,,,,,,,,,,,,,,,,,,,,,,,,,,,,,,,,,,0,1
,,,,,,,,,,,,,,,,,,,,,,,,,,,,,,,,,,,,,,0,-1
,,,,,,,,,,,,,,,,,,,,,,,,,,,,,,,,,,,,,,0,1
,,,,,,,,,,,,,,,,,,,,,,,,,,,,,,,,,,,,,,0,-1
,,,,,,,,,,,,,,,,,,,,,,,,,,,,,,,,,,,,,,0,1
,,,,,,,,,,,,,,,,,,,,,,,,,,,,,,,,,,,,,,0,-1
,,,,,,,,,,,,,,,,,,,,,,,,,,,,,,,,,,,,,,0,1
,,,,,,,,,,,,,,,,,,,,,,,,,,,,,,,,,,,,,,1,0
,,,,,,,,,,,,,,,,,,,,,,,,,,,,,,,,,,,,,,0,-1
,,,,,,,,,,,,,,,,,,,,,,,,,,,,,,,,,,,,,,0,1
,,,,,,,,,,,,,,,,,,,,,,,,,,,,,,,,,,,,,,1,0
,,,,,,,,,,,,,,,,,,,,,,,,,,,,,,,,,,,,,,1198,66
,,,,,,,,,,,,,,,,,,,,,,,,,,,,,,,,,,,,,,0,1
,,,,,,,,,,,,,,,,,,,,,,,,,,,,,,,,,,,,,,0,-1
,,,,,,,,,,,,,,,,,,,,,,,,,,,,,,,,,,,,,,0,1
,,,,,,,,,,,,,,,,,,,,,,,,,,,,,,,,,,,,,,0,-1
,,,,,,,,,,,,,,,,,,,,,,,,,,,,,,,,,,,,,,-1,0
,,,,,,,,,,,,,,,,,,,,,,,,,,,,,,,,,,,,,,0,1
,,,,,,,,,,,,,,,,,,,,,,,,,,,,,,,,,,,,,,0,-1
,,,,,,,,,,,,,,,,,,,,,,,,,,,,,,,,,,,,,,0,1
,,,,,,,,,,,,,,,,,,,,,,,,,,,,,,,,,,,,,,0,-1
,,,,,,,,,,,,,,,,,,,,,,,,,,,,,,,,,,,,,,0,1
,,,,,,,,,,,,,,,,,,,,,,,,,,,,,,,,,,,,,,0,-1
,,,,,,,,,,,,,,,,,,,,,,,,,,,,,,,,,,,,,,1,0
,,,,,,,,,,,,,,,,,,,,,,,,,,,,,,,,,,,,,,-1,0
,,,,,,,,,,,,,,,,,,,,,,,,,,,,,,,,,,,,,,1,0
,,,,,,,,,,,,,,,,,,,,,,,,,,,,,,,,,,,,,,1198,63
,,,,,,,,,,,,,,,,,,,,,,,,,,,,,,,,,,,,,,0,1
,,,,,,,,,,,,,,,,,,,,,,,,,,,,,,,,,,,,,,0,-1
,,,,,,,,,,,,,,,,,,,,,,,,,,,,,,,,,,,,,,1197,64
,,,,,,,,,,,,,,,,,,,,,,,,,,,,,,,,,,,,,,1,0
,,,,,,,,,,,,,,,,,,,,,,,,,,,,,,,,,,,,,,-1,0
,,,,,,,,,,,,,,,,,,,,,,,,,,,,,,,,,,,,,,1197,65
,,,,,,,,,,,,,,,,,,,,,,,,,,,,,,,,,,,,,,0,1
,,,,,,,,,,,,,,,,,,,,,,,,,,,,,,,,,,,,,,0,-1
40404,Tanggamus,Peta RBI Skala 1:25000,Tanggamus,Dinas Kesehatan,0,1,40,0,0,0,0,0,0,4,147,96,0,0,0,2,260,16574,16948,454,0,1,5,0.23705387,5.62351954,0,16841,Terdampak,Resiko Sedang,Kasus tetap,5,5.623519533,0.237053866,1189,58
,,,,,,,,,,,,,,,,,,,,,,,,,,,,,,,,,,,,,,1,0
,,,,,,,,,,,,,,,,,,,,,,,,,,,,,,,,,,,,,,0,1
,,,,,,,,,,,,,,,,,,,,,,,,,,,,,,,,,,,,,,0,-1
,,,,,,,,,,,,,,,,,,,,,,,,,,,,,,,,,,,,,,1,0
,,,,,,,,,,,,,,,,,,,,,,,,,,,,,,,,,,,,,,0,1
,,,,,,,,,,,,,,,,,,,,,,,,,,,,,,,,,,,,,,0,-1
,,,,,,,,,,,,,,,,,,,,,,,,,,,,,,,,,,,,,,1,0
,,,,,,,,,,,,,,,,,,,,,,,,,,,,,,,,,,,,,,0,1
,,,,,,,,,,,,,,,,,,,,,,,,,,,,,,,,,,,,,,0,1
,,,,,,,,,,,,,,,,,,,,,,,,,,,,,,,,,,,,,,1,0
,,,,,,,,,,,,,,,,,,,,,,,,,,,,,,,,,,,,,,0,1
,,,,,,,,,,,,,,,,,,,,,,,,,,,,,,,,,,,,,,0,-1
,,,,,,,,,,,,,,,,,,,,,,,,,,,,,,,,,,,,,,0,1
,,,,,,,,,,,,,,,,,,,,,,,,,,,,,,,,,,,,,,0,1
,,,,,,,,,,,,,,,,,,,,,,,,,,,,,,,,,,,,,,1,0
,,,,,,,,,,,,,,,,,,,,,,,,,,,,,,,,,,,,,,-1,0
,,,,,,,,,,,,,,,,,,,,,,,,,,,,,,,,,,,,,,1,0
,,,,,,,,,,,,,,,,,,,,,,,,,,,,,,,,,,,,,,0,1
,,,,,,,,,,,,,,,,,,,,,,,,,,,,,,,,,,,,,,-1,0
,,,,,,,,,,,,,,,,,,,,,,,,,,,,,,,,,,,,,,1,0
,,,,,,,,,,,,,,,,,,,,,,,,,,,,,,,,,,,,,,-1,0
,,,,,,,,,,,,,,,,,,,,,,,,,,,,,,,,,,,,,,1,0
,,,,,,,,,,,,,,,,,,,,,,,,,,,,,,,,,,,,,,0,1
,,,,,,,,,,,,,,,,,,,,,,,,,,,,,,,,,,,,,,1,0
,,,,,,,,,,,,,,,,,,,,,,,,,,,,,,,,,,,,,,1,0
,,,,,,,,,,,,,,,,,,,,,,,,,,,,,,,,,,,,,,0,1
,,,,,,,,,,,,,,,,,,,,,,,,,,,,,,,,,,,,,,0,-1
,,,,,,,,,,,,,,,,,,,,,,,,,,,,,,,,,,,,,,0,1
,,,,,,,,,,,,,,,,,,,,,,,,,,,,,,,,,,,,,,0,1
,,,,,,,,,,,,,,,,,,,,,,,,,,,,,,,,,,,,,,1,0
,,,,,,,,,,,,,,,,,,,,,,,,,,,,,,,,,,,,,,-1,0
,,,,,,,,,,,,,,,,,,,,,,,,,,,,,,,,,,,,,,-1,0
,,,,,,,,,,,,,,,,,,,,,,,,,,,,,,,,,,,,,,0,-1
,,,,,,,,,,,,,,,,,,,,,,,,,,,,,,,,,,,,,,0,1
,,,,,,,,,,,,,,,,,,,,,,,,,,,,,,,,,,,,,,0,-1
,,,,,,,,,,,,,,,,,,,,,,,,,,,,,,,,,,,,,,-1,0
,,,,,,,,,,,,,,,,,,,,,,,,,,,,,,,,,,,,,,0,-1
,,,,,,,,,,,,,,,,,,,,,,,,,,,,,,,,,,,,,,0,1
,,,,,,,,,,,,,,,,,,,,,,,,,,,,,,,,,,,,,,-1,0
,,,,,,,,,,,,,,,,,,,,,,,,,,,,,,,,,,,,,,0,-1
,,,,,,,,,,,,,,,,,,,,,,,,,,,,,,,,,,,,,,-1,0
,,,,,,,,,,,,,,,,,,,,,,,,,,,,,,,,,,,,,,0,-1
,,,,,,,,,,,,,,,,,,,,,,,,,,,,,,,,,,,,,,-1,0
,,,,,,,,,,,,,,,,,,,,,,,,,,,,,,,,,,,,,,-1,0
,,,,,,,,,,,,,,,,,,,,,,,,,,,,,,,,,,,,,,-1,0
,,,,,,,,,,,,,,,,,,,,,,,,,,,,,,,,,,,,,,1,0
,,,,,,,,,,,,,,,,,,,,,,,,,,,,,,,,,,,,,,0,1
,,,,,,,,,,,,,,,,,,,,,,,,,,,,,,,,,,,,,,0,1
,,,,,,,,,,,,,,,,,,,,,,,,,,,,,,,,,,,,,,1,0
,,,,,,,,,,,,,,,,,,,,,,,,,,,,,,,,,,,,,,0,1
,,,,,,,,,,,,,,,,,,,,,,,,,,,,,,,,,,,,,,0,1
,,,,,,,,,,,,,,,,,,,,,,,,,,,,,,,,,,,,,,1,0
,,,,,,,,,,,,,,,,,,,,,,,,,,,,,,,,,,,,,,0,1
,,,,,,,,,,,,,,,,,,,,,,,,,,,,,,,,,,,,,,-1,0
,,,,,,,,,,,,,,,,,,,,,,,,,,,,,,,,,,,,,,0,-1
,,,,,,,,,,,,,,,,,,,,,,,,,,,,,,,,,,,,,,-1,0
,,,,,,,,,,,,,,,,,,,,,,,,,,,,,,,,,,,,,,1,0
,,,,,,,,,,,,,,,,,,,,,,,,,,,,,,,,,,,,,,0,-1
,,,,,,,,,,,,,,,,,,,,,,,,,,,,,,,,,,,,,,-1,0
,,,,,,,,,,,,,,,,,,,,,,,,,,,,,,,,,,,,,,0,-1
,,,,,,,,,,,,,,,,,,,,,,,,,,,,,,,,,,,,,,0,-1
,,,,,,,,,,,,,,,,,,,,,,,,,,,,,,,,,,,,,,-1,0
,,,,,,,,,,,,,,,,,,,,,,,,,,,,,,,,,,,,,,0,-1
,,,,,,,,,,,,,,,,,,,,,,,,,,,,,,,,,,,,,,-1,0
,,,,,,,,,,,,,,,,,,,,,,,,,,,,,,,,,,,,,,0,-1
,,,,,,,,,,,,,,,,,,,,,,,,,,,,,,,,,,,,,,-1,0
,,,,,,,,,,,,,,,,,,,,,,,,,,,,,,,,,,,,,,0,-1
,,,,,,,,,,,,,,,,,,,,,,,,,,,,,,,,,,,,,,1,0
,,,,,,,,,,,,,,,,,,,,,,,,,,,,,,,,,,,,,,0,-1
,,,,,,,,,,,,,,,,,,,,,,,,,,,,,,,,,,,,,,0,-1
,,,,,,,,,,,,,,,,,,,,,,,,,,,,,,,,,,,,,,1,0
,,,,,,,,,,,,,,,,,,,,,,,,,,,,,,,,,,,,,,0,-1
,,,,,,,,,,,,,,,,,,,,,,,,,,,,,,,,,,,,,,0,1
,,,,,,,,,,,,,,,,,,,,,,,,,,,,,,,,,,,,,,0,-1
,,,,,,,,,,,,,,,,,,,,,,,,,,,,,,,,,,,,,,1192,66
,,,,,,,,,,,,,,,,,,,,,,,,,,,,,,,,,,,,,,1,0
,,,,,,,,,,,,,,,,,,,,,,,,,,,,,,,,,,,,,,0,1
,,,,,,,,,,,,,,,,,,,,,,,,,,,,,,,,,,,,,,0,-1
,,,,,,,,,,,,,,,,,,,,,,,,,,,,,,,,,,,,,,-1,0
40404,Kota Metro,Peta RBI Skala 1:25000,Metro,Dinas Kesehatan,0,0,0,0,1,0,0,0,0,7,130,78,12,0,19,0,0,2624,2624,540,0,0,4,0.00597083,0.61653251,0,0,Terdampak,Resiko Sedang,Kasus tetap,9,0.616532509,0.005970831,1198,58
,,,,,,,,,,,,,,,,,,,,,,,,,,,,,,,,,,,,,,1,0
,,,,,,,,,,,,,,,,,,,,,,,,,,,,,,,,,,,,,,-1,0
,,,,,,,,,,,,,,,,,,,,,,,,,,,,,,,,,,,,,,1,0
,,,,,,,,,,,,,,,,,,,,,,,,,,,,,,,,,,,,,,-1,0
,,,,,,,,,,,,,,,,,,,,,,,,,,,,,,,,,,,,,,1,0
,,,,,,,,,,,,,,,,,,,,,,,,,,,,,,,,,,,,,,-1,0
,,,,,,,,,,,,,,,,,,,,,,,,,,,,,,,,,,,,,,0,1
,,,,,,,,,,,,,,,,,,,,,,,,,,,,,,,,,,,,,,0,-1
,,,,,,,,,,,,,,,,,,,,,,,,,,,,,,,,,,,,,,0,1
,,,,,,,,,,,,,,,,,,,,,,,,,,,,,,,,,,,,,,0,-1
40404,Lampung Timur,Peta RBI Skala 1:25000,Lampung Timur,Dinas Kesehatan,3,3,6,0,0,0,0,1,1,3,128,77,0,11,5,0,633,23002,543,543,0,0,4,0.31546027,4.57277149,1,543,Terdampak,Resiko Sedang,Kasus tetap,6,4.572771485,0.315460268,1205,53
,,,,,,,,,,,,,,,,,,,,,,,,,,,,,,,,,,,,,,0,1
,,,,,,,,,,,,,,,,,,,,,,,,,,,,,,,,,,,,,,-1,0
,,,,,,,,,,,,,,,,,,,,,,,,,,,,,,,,,,,,,,0,1
,,,,,,,,,,,,,,,,,,,,,,,,,,,,,,,,,,,,,,1,0
,,,,,,,,,,,,,,,,,,,,,,,,,,,,,,,,,,,,,,0,1
,,,,,,,,,,,,,,,,,,,,,,,,,,,,,,,,,,,,,,0,1
,,,,,,,,,,,,,,,,,,,,,,,,,,,,,,,,,,,,,,-1,0
,,,,,,,,,,,,,,,,,,,,,,,,,,,,,,,,,,,,,,0,1
,,,,,,,,,,,,,,,,,,,,,,,,,,,,,,,,,,,,,,0,1
,,,,,,,,,,,,,,,,,,,,,,,,,,,,,,,,,,,,,,0,1
,,,,,,,,,,,,,,,,,,,,,,,,,,,,,,,,,,,,,,0,1
,,,,,,,,,,,,,,,,,,,,,,,,,,,,,,,,,,,,,,0,1
,,,,,,,,,,,,,,,,,,,,,,,,,,,,,,,,,,,,,,0,1
,,,,,,,,,,,,,,,,,,,,,,,,,,,,,,,,,,,,,,0,1
,,,,,,,,,,,,,,,,,,,,,,,,,,,,,,,,,,,,,,-1,0
,,,,,,,,,,,,,,,,,,,,,,,,,,,,,,,,,,,,,,-1,0
,,,,,,,,,,,,,,,,,,,,,,,,,,,,,,,,,,,,,,0,-1
,,,,,,,,,,,,,,,,,,,,,,,,,,,,,,,,,,,,,,-1,0
,,,,,,,,,,,,,,,,,,,,,,,,,,,,,,,,,,,,,,0,-1
,,,,,,,,,,,,,,,,,,,,,,,,,,,,,,,,,,,,,,-1,0
,,,,,,,,,,,,,,,,,,,,,,,,,,,,,,,,,,,,,,1,0
,,,,,,,,,,,,,,,,,,,,,,,,,,,,,,,,,,,,,,0,-1
,,,,,,,,,,,,,,,,,,,,,,,,,,,,,,,,,,,,,,-1,0
,,,,,,,,,,,,,,,,,,,,,,,,,,,,,,,,,,,,,,0,-1
,,,,,,,,,,,,,,,,,,,,,,,,,,,,,,,,,,,,,,-1,0
,,,,,,,,,,,,,,,,,,,,,,,,,,,,,,,,,,,,,,0,1
,,,,,,,,,,,,,,,,,,,,,,,,,,,,,,,,,,,,,,0,-1
,,,,,,,,,,,,,,,,,,,,,,,,,,,,,,,,,,,,,,1,0
,,,,,,,,,,,,,,,,,,,,,,,,,,,,,,,,,,,,,,-1,0
,,,,,,,,,,,,,,,,,,,,,,,,,,,,,,,,,,,,,,0,-1
,,,,,,,,,,,,,,,,,,,,,,,,,,,,,,,,,,,,,,0,1
,,,,,,,,,,,,,,,,,,,,,,,,,,,,,,,,,,,,,,-1,0
,,,,,,,,,,,,,,,,,,,,,,,,,,,,,,,,,,,,,,0,-1
,,,,,,,,,,,,,,,,,,,,,,,,,,,,,,,,,,,,,,0,-1
,,,,,,,,,,,,,,,,,,,,,,,,,,,,,,,,,,,,,,0,1
,,,,,,,,,,,,,,,,,,,,,,,,,,,,,,,,,,,,,,0,-1
,,,,,,,,,,,,,,,,,,,,,,,,,,,,,,,,,,,,,,1,0
,,,,,,,,,,,,,,,,,,,,,,,,,,,,,,,,,,,,,,-1,0
,,,,,,,,,,,,,,,,,,,,,,,,,,,,,,,,,,,,,,1,0
,,,,,,,,,,,,,,,,,,,,,,,,,,,,,,,,,,,,,,-1,0
,,,,,,,,,,,,,,,,,,,,,,,,,,,,,,,,,,,,,,1,0
,,,,,,,,,,,,,,,,,,,,,,,,,,,,,,,,,,,,,,-1,0
,,,,,,,,,,,,,,,,,,,,,,,,,,,,,,,,,,,,,,0,-1
,,,,,,,,,,,,,,,,,,,,,,,,,,,,,,,,,,,,,,0,1
,,,,,,,,,,,,,,,,,,,,,,,,,,,,,,,,,,,,,,0,-1
,,,,,,,,,,,,,,,,,,,,,,,,,,,,,,,,,,,,,,1,0
,,,,,,,,,,,,,,,,,,,,,,,,,,,,,,,,,,,,,,-1,0
,,,,,,,,,,,,,,,,,,,,,,,,,,,,,,,,,,,,,,1,0
,,,,,,,,,,,,,,,,,,,,,,,,,,,,,,,,,,,,,,0,-1
,,,,,,,,,,,,,,,,,,,,,,,,,,,,,,,,,,,,,,0,1
,,,,,,,,,,,,,,,,,,,,,,,,,,,,,,,,,,,,,,0,-1
,,,,,,,,,,,,,,,,,,,,,,,,,,,,,,,,,,,,,,0,1
,,,,,,,,,,,,,,,,,,,,,,,,,,,,,,,,,,,,,,0,-1
,,,,,,,,,,,,,,,,,,,,,,,,,,,,,,,,,,,,,,0,1
,,,,,,,,,,,,,,,,,,,,,,,,,,,,,,,,,,,,,,0,-1
,,,,,,,,,,,,,,,,,,,,,,,,,,,,,,,,,,,,,,0,1
,,,,,,,,,,,,,,,,,,,,,,,,,,,,,,,,,,,,,,0,-1
,,,,,,,,,,,,,,,,,,,,,,,,,,,,,,,,,,,,,,0,1
,,,,,,,,,,,,,,,,,,,,,,,,,,,,,,,,,,,,,,0,-1
,,,,,,,,,,,,,,,,,,,,,,,,,,,,,,,,,,,,,,0,1
,,,,,,,,,,,,,,,,,,,,,,,,,,,,,,,,,,,,,,0,-1
,,,,,,,,,,,,,,,,,,,,,,,,,,,,,,,,,,,,,,0,1
,,,,,,,,,,,,,,,,,,,,,,,,,,,,,,,,,,,,,,0,-1
,,,,,,,,,,,,,,,,,,,,,,,,,,,,,,,,,,,,,,1,0
,,,,,,,,,,,,,,,,,,,,,,,,,,,,,,,,,,,,,,1,0
,,,,,,,,,,,,,,,,,,,,,,,,,,,,,,,,,,,,,,0,-1
,,,,,,,,,,,,,,,,,,,,,,,,,,,,,,,,,,,,,,1,0
,,,,,,,,,,,,,,,,,,,,,,,,,,,,,,,,,,,,,,0,-1
,,,,,,,,,,,,,,,,,,,,,,,,,,,,,,,,,,,,,,0,1
,,,,,,,,,,,,,,,,,,,,,,,,,,,,,,,,,,,,,,0,-1
,,,,,,,,,,,,,,,,,,,,,,,,,,,,,,,,,,,,,,1,0
,,,,,,,,,,,,,,,,,,,,,,,,,,,,,,,,,,,,,,1,0
,,,,,,,,,,,,,,,,,,,,,,,,,,,,,,,,,,,,,,0,-1
,,,,,,,,,,,,,,,,,,,,,,,,,,,,,,,,,,,,,,0,1
,,,,,,,,,,,,,,,,,,,,,,,,,,,,,,,,,,,,,,0,-1
,,,,,,,,,,,,,,,,,,,,,,,,,,,,,,,,,,,,,,1,0
40404,Pringsewu,Peta RBI Skala 1:25000,Pringsewu,Dinas Kesehatan,5,1,46,0,0,1,0,0,0,5,71,44,0,22,34,1,21,6723,6768,384,0,0,3,0.05017207,1.9014576,0,45,Terdampak,Resiko Sedang,Kasus Tetap,2,1.901457605,0.050172066,1195,59
,,,,,,,,,,,,,,,,,,,,,,,,,,,,,,,,,,,,,,0,1
,,,,,,,,,,,,,,,,,,,,,,,,,,,,,,,,,,,,,,1,0
,,,,,,,,,,,,,,,,,,,,,,,,,,,,,,,,,,,,,,-1,0
,,,,,,,,,,,,,,,,,,,,,,,,,,,,,,,,,,,,,,0,-1
,,,,,,,,,,,,,,,,,,,,,,,,,,,,,,,,,,,,,,1,0
,,,,,,,,,,,,,,,,,,,,,,,,,,,,,,,,,,,,,,0,1
,,,,,,,,,,,,,,,,,,,,,,,,,,,,,,,,,,,,,,-1,0
,,,,,,,,,,,,,,,,,,,,,,,,,,,,,,,,,,,,,,0,1
,,,,,,,,,,,,,,,,,,,,,,,,,,,,,,,,,,,,,,1,0
,,,,,,,,,,,,,,,,,,,,,,,,,,,,,,,,,,,,,,-1,0
,,,,,,,,,,,,,,,,,,,,,,,,,,,,,,,,,,,,,,1,0
,,,,,,,,,,,,,,,,,,,,,,,,,,,,,,,,,,,,,,-1,0
,,,,,,,,,,,,,,,,,,,,,,,,,,,,,,,,,,,,,,0,1
,,,,,,,,,,,,,,,,,,,,,,,,,,,,,,,,,,,,,,0,-1
,,,,,,,,,,,,,,,,,,,,,,,,,,,,,,,,,,,,,,0,1
,,,,,,,,,,,,,,,,,,,,,,,,,,,,,,,,,,,,,,-1,0
,,,,,,,,,,,,,,,,,,,,,,,,,,,,,,,,,,,,,,0,1
,,,,,,,,,,,,,,,,,,,,,,,,,,,,,,,,,,,,,,0,1
,,,,,,,,,,,,,,,,,,,,,,,,,,,,,,,,,,,,,,0,-1
,,,,,,,,,,,,,,,,,,,,,,,,,,,,,,,,,,,,,,-1,0
,,,,,,,,,,,,,,,,,,,,,,,,,,,,,,,,,,,,,,1,0
,,,,,,,,,,,,,,,,,,,,,,,,,,,,,,,,,,,,,,-1,0
,,,,,,,,,,,,,,,,,,,,,,,,,,,,,,,,,,,,,,1,0
,,,,,,,,,,,,,,,,,,,,,,,,,,,,,,,,,,,,,,0,-1
,,,,,,,,,,,,,,,,,,,,,,,,,,,,,,,,,,,,,,-1,0
,,,,,,,,,,,,,,,,,,,,,,,,,,,,,,,,,,,,,,1,0
,,,,,,,,,,,,,,,,,,,,,,,,,,,,,,,,,,,,,,-1,0
,,,,,,,,,,,,,,,,,,,,,,,,,,,,,,,,,,,,,,0,-1
,,,,,,,,,,,,,,,,,,,,,,,,,,,,,,,,,,,,,,0,-1
,,,,,,,,,,,,,,,,,,,,,,,,,,,,,,,,,,,,,,0,1
,,,,,,,,,,,,,,,,,,,,,,,,,,,,,,,,,,,,,,0,-1
,,,,,,,,,,,,,,,,,,,,,,,,,,,,,,,,,,,,,,-1,0
,,,,,,,,,,,,,,,,,,,,,,,,,,,,,,,,,,,,,,0,-1
,,,,,,,,,,,,,,,,,,,,,,,,,,,,,,,,,,,,,,1,0
,,,,,,,,,,,,,,,,,,,,,,,,,,,,,,,,,,,,,,0,1
,,,,,,,,,,,,,,,,,,,,,,,,,,,,,,,,,,,,,,1,0
,,,,,,,,,,,,,,,,,,,,,,,,,,,,,,,,,,,,,,1,0
,,,,,,,,,,,,,,,,,,,,,,,,,,,,,,,,,,,,,,0,-1
,,,,,,,,,,,,,,,,,,,,,,,,,,,,,,,,,,,,,,0,1
,,,,,,,,,,,,,,,,,,,,,,,,,,,,,,,,,,,,,,0,-1
40404,Pesisir Barat,Undang-Undang Nomor 22 Tahun 2012,Pesisir Barat,Dinas Kesehatan,0,0,4,0,0,1,0,0,0,47,69,67,0,0,0,2,98,14253,13556,297,0,0,0,0.24404925,4.65181759,0,14369,Terdampak,Resiko Rendah,Kasus tidak bertambah selama 2 minggu,15,4.651817579,0.244049251,1181,55
,,,,,,,,,,,,,,,,,,,,,,,,,,,,,,,,,,,,,,1,0
,,,,,,,,,,,,,,,,,,,,,,,,,,,,,,,,,,,,,,0,1
,,,,,,,,,,,,,,,,,,,,,,,,,,,,,,,,,,,,,,-1,0
,,,,,,,,,,,,,,,,,,,,,,,,,,,,,,,,,,,,,,1,0
,,,,,,,,,,,,,,,,,,,,,,,,,,,,,,,,,,,,,,0,1
,,,,,,,,,,,,,,,,,,,,,,,,,,,,,,,,,,,,,,1,0
,,,,,,,,,,,,,,,,,,,,,,,,,,,,,,,,,,,,,,1,0
,,,,,,,,,,,,,,,,,,,,,,,,,,,,,,,,,,,,,,0,1
,,,,,,,,,,,,,,,,,,,,,,,,,,,,,,,,,,,,,,-1,0
,,,,,,,,,,,,,,,,,,,,,,,,,,,,,,,,,,,,,,1,0
,,,,,,,,,,,,,,,,,,,,,,,,,,,,,,,,,,,,,,1,0
,,,,,,,,,,,,,,,,,,,,,,,,,,,,,,,,,,,,,,0,1
,,,,,,,,,,,,,,,,,,,,,,,,,,,,,,,,,,,,,,1,0
,,,,,,,,,,,,,,,,,,,,,,,,,,,,,,,,,,,,,,0,1
,,,,,,,,,,,,,,,,,,,,,,,,,,,,,,,,,,,,,,1,0
,,,,,,,,,,,,,,,,,,,,,,,,,,,,,,,,,,,,,,0,1
,,,,,,,,,,,,,,,,,,,,,,,,,,,,,,,,,,,,,,0,1
,,,,,,,,,,,,,,,,,,,,,,,,,,,,,,,,,,,,,,1,0
,,,,,,,,,,,,,,,,,,,,,,,,,,,,,,,,,,,,,,0,1
,,,,,,,,,,,,,,,,,,,,,,,,,,,,,,,,,,,,,,1,0
,,,,,,,,,,,,,,,,,,,,,,,,,,,,,,,,,,,,,,0,1
,,,,,,,,,,,,,,,,,,,,,,,,,,,,,,,,,,,,,,1,0
,,,,,,,,,,,,,,,,,,,,,,,,,,,,,,,,,,,,,,0,1
,,,,,,,,,,,,,,,,,,,,,,,,,,,,,,,,,,,,,,0,1
,,,,,,,,,,,,,,,,,,,,,,,,,,,,,,,,,,,,,,1,0
,,,,,,,,,,,,,,,,,,,,,,,,,,,,,,,,,,,,,,0,1
,,,,,,,,,,,,,,,,,,,,,,,,,,,,,,,,,,,,,,-1,0
,,,,,,,,,,,,,,,,,,,,,,,,,,,,,,,,,,,,,,1,0
,,,,,,,,,,,,,,,,,,,,,,,,,,,,,,,,,,,,,,0,1
,,,,,,,,,,,,,,,,,,,,,,,,,,,,,,,,,,,,,,-1,0
,,,,,,,,,,,,,,,,,,,,,,,,,,,,,,,,,,,,,,0,-1
,,,,,,,,,,,,,,,,,,,,,,,,,,,,,,,,,,,,,,-1,0
,,,,,,,,,,,,,,,,,,,,,,,,,,,,,,,,,,,,,,0,-1
,,,,,,,,,,,,,,,,,,,,,,,,,,,,,,,,,,,,,,-1,0
,,,,,,,,,,,,,,,,,,,,,,,,,,,,,,,,,,,,,,0,-1
,,,,,,,,,,,,,,,,,,,,,,,,,,,,,,,,,,,,,,-1,0
,,,,,,,,,,,,,,,,,,,,,,,,,,,,,,,,,,,,,,0,-1
,,,,,,,,,,,,,,,,,,,,,,,,,,,,,,,,,,,,,,0,-1
,,,,,,,,,,,,,,,,,,,,,,,,,,,,,,,,,,,,,,-1,0
,,,,,,,,,,,,,,,,,,,,,,,,,,,,,,,,,,,,,,-1,0
,,,,,,,,,,,,,,,,,,,,,,,,,,,,,,,,,,,,,,0,-1
,,,,,,,,,,,,,,,,,,,,,,,,,,,,,,,,,,,,,,-1,0
,,,,,,,,,,,,,,,,,,,,,,,,,,,,,,,,,,,,,,1,0
,,,,,,,,,,,,,,,,,,,,,,,,,,,,,,,,,,,,,,-1,0
,,,,,,,,,,,,,,,,,,,,,,,,,,,,,,,,,,,,,,0,-1
,,,,,,,,,,,,,,,,,,,,,,,,,,,,,,,,,,,,,,-1,0
,,,,,,,,,,,,,,,,,,,,,,,,,,,,,,,,,,,,,,0,-1
,,,,,,,,,,,,,,,,,,,,,,,,,,,,,,,,,,,,,,-1,0
,,,,,,,,,,,,,,,,,,,,,,,,,,,,,,,,,,,,,,0,-1
,,,,,,,,,,,,,,,,,,,,,,,,,,,,,,,,,,,,,,1,0
,,,,,,,,,,,,,,,,,,,,,,,,,,,,,,,,,,,,,,-1,0
,,,,,,,,,,,,,,,,,,,,,,,,,,,,,,,,,,,,,,1,0
,,,,,,,,,,,,,,,,,,,,,,,,,,,,,,,,,,,,,,-1,0
,,,,,,,,,,,,,,,,,,,,,,,,,,,,,,,,,,,,,,0,-1
,,,,,,,,,,,,,,,,,,,,,,,,,,,,,,,,,,,,,,-1,0
,,,,,,,,,,,,,,,,,,,,,,,,,,,,,,,,,,,,,,1,0
,,,,,,,,,,,,,,,,,,,,,,,,,,,,,,,,,,,,,,-1,0
,,,,,,,,,,,,,,,,,,,,,,,,,,,,,,,,,,,,,,1,0
,,,,,,,,,,,,,,,,,,,,,,,,,,,,,,,,,,,,,,-1,0
,,,,,,,,,,,,,,,,,,,,,,,,,,,,,,,,,,,,,,0,-1
,,,,,,,,,,,,,,,,,,,,,,,,,,,,,,,,,,,,,,-1,0
,,,,,,,,,,,,,,,,,,,,,,,,,,,,,,,,,,,,,,0,-1
,,,,,,,,,,,,,,,,,,,,,,,,,,,,,,,,,,,,,,0,1
,,,,,,,,,,,,,,,,,,,,,,,,,,,,,,,,,,,,,,-1,0
,,,,,,,,,,,,,,,,,,,,,,,,,,,,,,,,,,,,,,0,-1
,,,,,,,,,,,,,,,,,,,,,,,,,,,,,,,,,,,,,,0,-1
,,,,,,,,,,,,,,,,,,,,,,,,,,,,,,,,,,,,,,1,0
,,,,,,,,,,,,,,,,,,,,,,,,,,,,,,,,,,,,,,1,0
,,,,,,,,,,,,,,,,,,,,,,,,,,,,,,,,,,,,,,0,-1
,,,,,,,,,,,,,,,,,,,,,,,,,,,,,,,,,,,,,,0,1
,,,,,,,,,,,,,,,,,,,,,,,,,,,,,,,,,,,,,,1182,58
,,,,,,,,,,,,,,,,,,,,,,,,,,,,,,,,,,,,,,-1,0
,,,,,,,,,,,,,,,,,,,,,,,,,,,,,,,,,,,,,,1,0
40404,Lampung Barat,Peta RBI Skala 1:25000,Lampung Barat,Dinas Kesehatan,0,1,6,0,0,0,0,0,0,4,45,43,0,0,0,0,896,22918,24707,135,0,1,2,0.17314795,2.76910964,0,24707,Terdampak,Resiko Rendah,Kasus tetap,13,2.76910963,0.173147951,1187,55
,,,,,,,,,,,,,,,,,,,,,,,,,,,,,,,,,,,,,,0,1
,,,,,,,,,,,,,,,,,,,,,,,,,,,,,,,,,,,,,,0,-1
,,,,,,,,,,,,,,,,,,,,,,,,,,,,,,,,,,,,,,1,0
,,,,,,,,,,,,,,,,,,,,,,,,,,,,,,,,,,,,,,0,1
,,,,,,,,,,,,,,,,,,,,,,,,,,,,,,,,,,,,,,1,0
,,,,,,,,,,,,,,,,,,,,,,,,,,,,,,,,,,,,,,0,1
,,,,,,,,,,,,,,,,,,,,,,,,,,,,,,,,,,,,,,1,0
,,,,,,,,,,,,,,,,,,,,,,,,,,,,,,,,,,,,,,0,1
,,,,,,,,,,,,,,,,,,,,,,,,,,,,,,,,,,,,,,-1,0
,,,,,,,,,,,,,,,,,,,,,,,,,,,,,,,,,,,,,,0,1
,,,,,,,,,,,,,,,,,,,,,,,,,,,,,,,,,,,,,,0,-1
,,,,,,,,,,,,,,,,,,,,,,,,,,,,,,,,,,,,,,0,1
,,,,,,,,,,,,,,,,,,,,,,,,,,,,,,,,,,,,,,-1,0
,,,,,,,,,,,,,,,,,,,,,,,,,,,,,,,,,,,,,,0,1
,,,,,,,,,,,,,,,,,,,,,,,,,,,,,,,,,,,,,,0,1
,,,,,,,,,,,,,,,,,,,,,,,,,,,,,,,,,,,,,,-1,0
,,,,,,,,,,,,,,,,,,,,,,,,,,,,,,,,,,,,,,0,-1
,,,,,,,,,,,,,,,,,,,,,,,,,,,,,,,,,,,,,,-1,0
,,,,,,,,,,,,,,,,,,,,,,,,,,,,,,,,,,,,,,0,-1
,,,,,,,,,,,,,,,,,,,,,,,,,,,,,,,,,,,,,,-1,0
,,,,,,,,,,,,,,,,,,,,,,,,,,,,,,,,,,,,,,0,-1
,,,,,,,,,,,,,,,,,,,,,,,,,,,,,,,,,,,,,,-1,0
,,,,,,,,,,,,,,,,,,,,,,,,,,,,,,,,,,,,,,-1,0
,,,,,,,,,,,,,,,,,,,,,,,,,,,,,,,,,,,,,,1,0
,,,,,,,,,,,,,,,,,,,,,,,,,,,,,,,,,,,,,,0,-1
,,,,,,,,,,,,,,,,,,,,,,,,,,,,,,,,,,,,,,-1,0
,,,,,,,,,,,,,,,,,,,,,,,,,,,,,,,,,,,,,,-1,0
,,,,,,,,,,,,,,,,,,,,,,,,,,,,,,,,,,,,,,0,-1
,,,,,,,,,,,,,,,,,,,,,,,,,,,,,,,,,,,,,,-1,0
,,,,,,,,,,,,,,,,,,,,,,,,,,,,,,,,,,,,,,1,0
,,,,,,,,,,,,,,,,,,,,,,,,,,,,,,,,,,,,,,1,0
,,,,,,,,,,,,,,,,,,,,,,,,,,,,,,,,,,,,,,1,0
,,,,,,,,,,,,,,,,,,,,,,,,,,,,,,,,,,,,,,1,0
,,,,,,,,,,,,,,,,,,,,,,,,,,,,,,,,,,,,,,0,-1
,,,,,,,,,,,,,,,,,,,,,,,,,,,,,,,,,,,,,,1,0
,,,,,,,,,,,,,,,,,,,,,,,,,,,,,,,,,,,,,,0,1
,,,,,,,,,,,,,,,,,,,,,,,,,,,,,,,,,,,,,,0,-1
,,,,,,,,,,,,,,,,,,,,,,,,,,,,,,,,,,,,,,1,0
40404,Way Kanan,Peta RBI Skala 1:25000,Way Kanan,Dinas Kesehatan,0,0,0,0,0,0,0,0,0,20,43,28,0,496,0,2,0,15322,15573,392,0,1,3,0.29852422,4.29607393,0,15669,Terdampak,Resiko Sedang,Kasus tetap,10,4.296073951,0.29852422,1194,48
,,,,,,,,,,,,,,,,,,,,,,,,,,,,,,,,,,,,,,1,0
,,,,,,,,,,,,,,,,,,,,,,,,,,,,,,,,,,,,,,0,1
,,,,,,,,,,,,,,,,,,,,,,,,,,,,,,,,,,,,,,0,1
,,,,,,,,,,,,,,,,,,,,,,,,,,,,,,,,,,,,,,-1,0
,,,,,,,,,,,,,,,,,,,,,,,,,,,,,,,,,,,,,,1,0
,,,,,,,,,,,,,,,,,,,,,,,,,,,,,,,,,,,,,,-1,0
,,,,,,,,,,,,,,,,,,,,,,,,,,,,,,,,,,,,,,1,0
,,,,,,,,,,,,,,,,,,,,,,,,,,,,,,,,,,,,,,1,0
,,,,,,,,,,,,,,,,,,,,,,,,,,,,,,,,,,,,,,0,1
,,,,,,,,,,,,,,,,,,,,,,,,,,,,,,,,,,,,,,-1,0
,,,,,,,,,,,,,,,,,,,,,,,,,,,,,,,,,,,,,,-1,0
,,,,,,,,,,,,,,,,,,,,,,,,,,,,,,,,,,,,,,0,1
,,,,,,,,,,,,,,,,,,,,,,,,,,,,,,,,,,,,,,-1,0
,,,,,,,,,,,,,,,,,,,,,,,,,,,,,,,,,,,,,,-1,0
,,,,,,,,,,,,,,,,,,,,,,,,,,,,,,,,,,,,,,-1,0
,,,,,,,,,,,,,,,,,,,,,,,,,,,,,,,,,,,,,,0,1
,,,,,,,,,,,,,,,,,,,,,,,,,,,,,,,,,,,,,,0,-1
,,,,,,,,,,,,,,,,,,,,,,,,,,,,,,,,,,,,,,0,1
,,,,,,,,,,,,,,,,,,,,,,,,,,,,,,,,,,,,,,0,-1
,,,,,,,,,,,,,,,,,,,,,,,,,,,,,,,,,,,,,,0,1
,,,,,,,,,,,,,,,,,,,,,,,,,,,,,,,,,,,,,,-1,0
,,,,,,,,,,,,,,,,,,,,,,,,,,,,,,,,,,,,,,0,1
,,,,,,,,,,,,,,,,,,,,,,,,,,,,,,,,,,,,,,1,0
,,,,,,,,,,,,,,,,,,,,,,,,,,,,,,,,,,,,,,-1,0
,,,,,,,,,,,,,,,,,,,,,,,,,,,,,,,,,,,,,,1,0
,,,,,,,,,,,,,,,,,,,,,,,,,,,,,,,,,,,,,,-1,0
,,,,,,,,,,,,,,,,,,,,,,,,,,,,,,,,,,,,,,1,0
,,,,,,,,,,,,,,,,,,,,,,,,,,,,,,,,,,,,,,0,1
,,,,,,,,,,,,,,,,,,,,,,,,,,,,,,,,,,,,,,-1,0
,,,,,,,,,,,,,,,,,,,,,,,,,,,,,,,,,,,,,,-1,0
,,,,,,,,,,,,,,,,,,,,,,,,,,,,,,,,,,,,,,1,0
,,,,,,,,,,,,,,,,,,,,,,,,,,,,,,,,,,,,,,-1,0
,,,,,,,,,,,,,,,,,,,,,,,,,,,,,,,,,,,,,,0,1
,,,,,,,,,,,,,,,,,,,,,,,,,,,,,,,,,,,,,,-1,0
,,,,,,,,,,,,,,,,,,,,,,,,,,,,,,,,,,,,,,0,-1
,,,,,,,,,,,,,,,,,,,,,,,,,,,,,,,,,,,,,,-1,0
,,,,,,,,,,,,,,,,,,,,,,,,,,,,,,,,,,,,,,0,1
,,,,,,,,,,,,,,,,,,,,,,,,,,,,,,,,,,,,,,0,-1
,,,,,,,,,,,,,,,,,,,,,,,,,,,,,,,,,,,,,,0,-1
,,,,,,,,,,,,,,,,,,,,,,,,,,,,,,,,,,,,,,0,-1
,,,,,,,,,,,,,,,,,,,,,,,,,,,,,,,,,,,,,,0,-1
,,,,,,,,,,,,,,,,,,,,,,,,,,,,,,,,,,,,,,0,-1
,,,,,,,,,,,,,,,,,,,,,,,,,,,,,,,,,,,,,,0,-1
,,,,,,,,,,,,,,,,,,,,,,,,,,,,,,,,,,,,,,1,0
,,,,,,,,,,,,,,,,,,,,,,,,,,,,,,,,,,,,,,0,-1
,,,,,,,,,,,,,,,,,,,,,,,,,,,,,,,,,,,,,,1,0
,,,,,,,,,,,,,,,,,,,,,,,,,,,,,,,,,,,,,,0,-1
,,,,,,,,,,,,,,,,,,,,,,,,,,,,,,,,,,,,,,1,0
,,,,,,,,,,,,,,,,,,,,,,,,,,,,,,,,,,,,,,1,0
,,,,,,,,,,,,,,,,,,,,,,,,,,,,,,,,,,,,,,0,1
,,,,,,,,,,,,,,,,,,,,,,,,,,,,,,,,,,,,,,0,-1
,,,,,,,,,,,,,,,,,,,,,,,,,,,,,,,,,,,,,,0,1
,,,,,,,,,,,,,,,,,,,,,,,,,,,,,,,,,,,,,,0,-1
,,,,,,,,,,,,,,,,,,,,,,,,,,,,,,,,,,,,,,0,1
,,,,,,,,,,,,,,,,,,,,,,,,,,,,,,,,,,,,,,0,-1
,,,,,,,,,,,,,,,,,,,,,,,,,,,,,,,,,,,,,,1,0
,,,,,,,,,,,,,,,,,,,,,,,,,,,,,,,,,,,,,,0,1
,,,,,,,,,,,,,,,,,,,,,,,,,,,,,,,,,,,,,,0,-1
,,,,,,,,,,,,,,,,,,,,,,,,,,,,,,,,,,,,,,1,0
,,,,,,,,,,,,,,,,,,,,,,,,,,,,,,,,,,,,,,1,0
40404,Tulang Bawang Barat,Peta RBI Skala 1:25000,Tuba Barat,Dinas Kesehatan,0,2,9,0,1,1,0,0,0,11,36,32,0,8,8,8,16,138,256,121,0,0,2,0.10247774,2.69297718,0,256,Terdampak,Resiko Rendah,Kasus tetap,11,2.692977178,0.102477738,1195,47
,,,,,,,,,,,,,,,,,,,,,,,,,,,,,,,,,,,,,,0,1
,,,,,,,,,,,,,,,,,,,,,,,,,,,,,,,,,,,,,,1,0
,,,,,,,,,,,,,,,,,,,,,,,,,,,,,,,,,,,,,,1,0
,,,,,,,,,,,,,,,,,,,,,,,,,,,,,,,,,,,,,,0,1
,,,,,,,,,,,,,,,,,,,,,,,,,,,,,,,,,,,,,,-1,0
,,,,,,,,,,,,,,,,,,,,,,,,,,,,,,,,,,,,,,1,0
,,,,,,,,,,,,,,,,,,,,,,,,,,,,,,,,,,,,,,0,1
,,,,,,,,,,,,,,,,,,,,,,,,,,,,,,,,,,,,,,0,-1
,,,,,,,,,,,,,,,,,,,,,,,,,,,,,,,,,,,,,,0,1
,,,,,,,,,,,,,,,,,,,,,,,,,,,,,,,,,,,,,,1,0
,,,,,,,,,,,,,,,,,,,,,,,,,,,,,,,,,,,,,,0,1
,,,,,,,,,,,,,,,,,,,,,,,,,,,,,,,,,,,,,,-1,0
,,,,,,,,,,,,,,,,,,,,,,,,,,,,,,,,,,,,,,0,1
,,,,,,,,,,,,,,,,,,,,,,,,,,,,,,,,,,,,,,0,1
,,,,,,,,,,,,,,,,,,,,,,,,,,,,,,,,,,,,,,-1,0
,,,,,,,,,,,,,,,,,,,,,,,,,,,,,,,,,,,,,,0,1
,,,,,,,,,,,,,,,,,,,,,,,,,,,,,,,,,,,,,,-1,0
,,,,,,,,,,,,,,,,,,,,,,,,,,,,,,,,,,,,,,0,-1
,,,,,,,,,,,,,,,,,,,,,,,,,,,,,,,,,,,,,,-1,0
,,,,,,,,,,,,,,,,,,,,,,,,,,,,,,,,,,,,,,1,0
,,,,,,,,,,,,,,,,,,,,,,,,,,,,,,,,,,,,,,0,-1
,,,,,,,,,,,,,,,,,,,,,,,,,,,,,,,,,,,,,,-1,0
,,,,,,,,,,,,,,,,,,,,,,,,,,,,,,,,,,,,,,1,0
,,,,,,,,,,,,,,,,,,,,,,,,,,,,,,,,,,,,,,-1,0
,,,,,,,,,,,,,,,,,,,,,,,,,,,,,,,,,,,,,,0,-1
,,,,,,,,,,,,,,,,,,,,,,,,,,,,,,,,,,,,,,1,0
,,,,,,,,,,,,,,,,,,,,,,,,,,,,,,,,,,,,,,1,0
,,,,,,,,,,,,,,,,,,,,,,,,,,,,,,,,,,,,,,0,-1
,,,,,,,,,,,,,,,,,,,,,,,,,,,,,,,,,,,,,,-1,0
,,,,,,,,,,,,,,,,,,,,,,,,,,,,,,,,,,,,,,-1,0
,,,,,,,,,,,,,,,,,,,,,,,,,,,,,,,,,,,,,,1,0
,,,,,,,,,,,,,,,,,,,,,,,,,,,,,,,,,,,,,,-1,0
,,,,,,,,,,,,,,,,,,,,,,,,,,,,,,,,,,,,,,1,0
,,,,,,,,,,,,,,,,,,,,,,,,,,,,,,,,,,,,,,0,-1
,,,,,,,,,,,,,,,,,,,,,,,,,,,,,,,,,,,,,,0,-1
,,,,,,,,,,,,,,,,,,,,,,,,,,,,,,,,,,,,,,-1,0
,,,,,,,,,,,,,,,,,,,,,,,,,,,,,,,,,,,,,,0,-1
,,,,,,,,,,,,,,,,,,,,,,,,,,,,,,,,,,,,,,0,1
,,,,,,,,,,,,,,,,,,,,,,,,,,,,,,,,,,,,,,1,0
,,,,,,,,,,,,,,,,,,,,,,,,,,,,,,,,,,,,,,0,-1
,,,,,,,,,,,,,,,,,,,,,,,,,,,,,,,,,,,,,,0,1
,,,,,,,,,,,,,,,,,,,,,,,,,,,,,,,,,,,,,,0,-1
40404,Tulangbawang,Peta RBI Skala 1:25000,Tulang Bawang,Dinas Kesehatan,0,0,0,0,0,0,0,0,0,1,31,25,0,0,0,0,13,6743,6767,21,0,0,1,0.2545014,4.25160721,0,27,Terdampak,Resiko Rendah,Kasus tidak bertambah selama 2 minggu,1,4.251607209,0.254501402,1199,47
,,,,,,,,,,,,,,,,,,,,,,,,,,,,,,,,,,,,,,1,0
,,,,,,,,,,,,,,,,,,,,,,,,,,,,,,,,,,,,,,1,0
,,,,,,,,,,,,,,,,,,,,,,,,,,,,,,,,,,,,,,0,1
,,,,,,,,,,,,,,,,,,,,,,,,,,,,,,,,,,,,,,1,0
,,,,,,,,,,,,,,,,,,,,,,,,,,,,,,,,,,,,,,1,0
,,,,,,,,,,,,,,,,,,,,,,,,,,,,,,,,,,,,,,0,-1
,,,,,,,,,,,,,,,,,,,,,,,,,,,,,,,,,,,,,,1,0
,,,,,,,,,,,,,,,,,,,,,,,,,,,,,,,,,,,,,,0,1
,,,,,,,,,,,,,,,,,,,,,,,,,,,,,,,,,,,,,,0,1
,,,,,,,,,,,,,,,,,,,,,,,,,,,,,,,,,,,,,,0,1
,,,,,,,,,,,,,,,,,,,,,,,,,,,,,,,,,,,,,,1,0
,,,,,,,,,,,,,,,,,,,,,,,,,,,,,,,,,,,,,,0,1
,,,,,,,,,,,,,,,,,,,,,,,,,,,,,,,,,,,,,,0,1
,,,,,,,,,,,,,,,,,,,,,,,,,,,,,,,,,,,,,,0,1
,,,,,,,,,,,,,,,,,,,,,,,,,,,,,,,,,,,,,,-1,0
,,,,,,,,,,,,,,,,,,,,,,,,,,,,,,,,,,,,,,0,-1
,,,,,,,,,,,,,,,,,,,,,,,,,,,,,,,,,,,,,,-1,0
,,,,,,,,,,,,,,,,,,,,,,,,,,,,,,,,,,,,,,0,-1
,,,,,,,,,,,,,,,,,,,,,,,,,,,,,,,,,,,,,,0,1
,,,,,,,,,,,,,,,,,,,,,,,,,,,,,,,,,,,,,,0,-1
,,,,,,,,,,,,,,,,,,,,,,,,,,,,,,,,,,,,,,-1,0
,,,,,,,,,,,,,,,,,,,,,,,,,,,,,,,,,,,,,,0,1
,,,,,,,,,,,,,,,,,,,,,,,,,,,,,,,,,,,,,,0,-1
,,,,,,,,,,,,,,,,,,,,,,,,,,,,,,,,,,,,,,-1,0
,,,,,,,,,,,,,,,,,,,,,,,,,,,,,,,,,,,,,,0,1
,,,,,,,,,,,,,,,,,,,,,,,,,,,,,,,,,,,,,,0,-1
,,,,,,,,,,,,,,,,,,,,,,,,,,,,,,,,,,,,,,-1,0
,,,,,,,,,,,,,,,,,,,,,,,,,,,,,,,,,,,,,,-1,0
,,,,,,,,,,,,,,,,,,,,,,,,,,,,,,,,,,,,,,0,1
,,,,,,,,,,,,,,,,,,,,,,,,,,,,,,,,,,,,,,0,-1
,,,,,,,,,,,,,,,,,,,,,,,,,,,,,,,,,,,,,,0,1
,,,,,,,,,,,,,,,,,,,,,,,,,,,,,,,,,,,,,,0,-1
,,,,,,,,,,,,,,,,,,,,,,,,,,,,,,,,,,,,,,0,1
,,,,,,,,,,,,,,,,,,,,,,,,,,,,,,,,,,,,,,-1,0
,,,,,,,,,,,,,,,,,,,,,,,,,,,,,,,,,,,,,,1,0
,,,,,,,,,,,,,,,,,,,,,,,,,,,,,,,,,,,,,,-1,0
,,,,,,,,,,,,,,,,,,,,,,,,,,,,,,,,,,,,,,0,1
,,,,,,,,,,,,,,,,,,,,,,,,,,,,,,,,,,,,,,-1,0
,,,,,,,,,,,,,,,,,,,,,,,,,,,,,,,,,,,,,,0,-1
,,,,,,,,,,,,,,,,,,,,,,,,,,,,,,,,,,,,,,0,-1
,,,,,,,,,,,,,,,,,,,,,,,,,,,,,,,,,,,,,,1,0
,,,,,,,,,,,,,,,,,,,,,,,,,,,,,,,,,,,,,,0,-1
,,,,,,,,,,,,,,,,,,,,,,,,,,,,,,,,,,,,,,-1,0
,,,,,,,,,,,,,,,,,,,,,,,,,,,,,,,,,,,,,,0,-1
,,,,,,,,,,,,,,,,,,,,,,,,,,,,,,,,,,,,,,0,1
,,,,,,,,,,,,,,,,,,,,,,,,,,,,,,,,,,,,,,0,-1
,,,,,,,,,,,,,,,,,,,,,,,,,,,,,,,,,,,,,,-1,0
,,,,,,,,,,,,,,,,,,,,,,,,,,,,,,,,,,,,,,1,0
,,,,,,,,,,,,,,,,,,,,,,,,,,,,,,,,,,,,,,0,-1
,,,,,,,,,,,,,,,,,,,,,,,,,,,,,,,,,,,,,,-1,0
,,,,,,,,,,,,,,,,,,,,,,,,,,,,,,,,,,,,,,1,0
,,,,,,,,,,,,,,,,,,,,,,,,,,,,,,,,,,,,,,1,0
,,,,,,,,,,,,,,,,,,,,,,,,,,,,,,,,,,,,,,0,-1
,,,,,,,,,,,,,,,,,,,,,,,,,,,,,,,,,,,,,,1,0
40404,Mesuji,Peta RBI Skala 1:25000,Mesuji,Dinas Kesehatan,0,0,2,0,0,1,0,0,0,1,19,13,0,28,28,0,100,6172,6661,14,0,0,0,0.17976482,2.97582902,0,6422,Terdampak,Resiko Rendah,Kasus tetap,12,2.975829019,0.179764824,1199,43
,,,,,,,,,,,,,,,,,,,,,,,,,,,,,,,,,,,,,,1,0
,,,,,,,,,,,,,,,,,,,,,,,,,,,,,,,,,,,,,,0,1
,,,,,,,,,,,,,,,,,,,,,,,,,,,,,,,,,,,,,,1,0
,,,,,,,,,,,,,,,,,,,,,,,,,,,,,,,,,,,,,,-1,0
,,,,,,,,,,,,,,,,,,,,,,,,,,,,,,,,,,,,,,1,0
,,,,,,,,,,,,,,,,,,,,,,,,,,,,,,,,,,,,,,0,1
,,,,,,,,,,,,,,,,,,,,,,,,,,,,,,,,,,,,,,1,0
,,,,,,,,,,,,,,,,,,,,,,,,,,,,,,,,,,,,,,-1,0
,,,,,,,,,,,,,,,,,,,,,,,,,,,,,,,,,,,,,,1,0
,,,,,,,,,,,,,,,,,,,,,,,,,,,,,,,,,,,,,,0,1
,,,,,,,,,,,,,,,,,,,,,,,,,,,,,,,,,,,,,,0,1
,,,,,,,,,,,,,,,,,,,,,,,,,,,,,,,,,,,,,,0,-1
,,,,,,,,,,,,,,,,,,,,,,,,,,,,,,,,,,,,,,0,1
,,,,,,,,,,,,,,,,,,,,,,,,,,,,,,,,,,,,,,1,0
,,,,,,,,,,,,,,,,,,,,,,,,,,,,,,,,,,,,,,0,1
,,,,,,,,,,,,,,,,,,,,,,,,,,,,,,,,,,,,,,-1,0
,,,,,,,,,,,,,,,,,,,,,,,,,,,,,,,,,,,,,,-1,0
,,,,,,,,,,,,,,,,,,,,,,,,,,,,,,,,,,,,,,0,-1
,,,,,,,,,,,,,,,,,,,,,,,,,,,,,,,,,,,,,,-1,0
,,,,,,,,,,,,,,,,,,,,,,,,,,,,,,,,,,,,,,-1,0
,,,,,,,,,,,,,,,,,,,,,,,,,,,,,,,,,,,,,,-1,0
,,,,,,,,,,,,,,,,,,,,,,,,,,,,,,,,,,,,,,0,1
,,,,,,,,,,,,,,,,,,,,,,,,,,,,,,,,,,,,,,-1,0
,,,,,,,,,,,,,,,,,,,,,,,,,,,,,,,,,,,,,,-1,0
,,,,,,,,,,,,,,,,,,,,,,,,,,,,,,,,,,,,,,-1,0
,,,,,,,,,,,,,,,,,,,,,,,,,,,,,,,,,,,,,,0,-1
,,,,,,,,,,,,,,,,,,,,,,,,,,,,,,,,,,,,,,1,0
,,,,,,,,,,,,,,,,,,,,,,,,,,,,,,,,,,,,,,0,-1
,,,,,,,,,,,,,,,,,,,,,,,,,,,,,,,,,,,,,,0,-1
,,,,,,,,,,,,,,,,,,,,,,,,,,,,,,,,,,,,,,1,0
,,,,,,,,,,,,,,,,,,,,,,,,,,,,,,,,,,,,,,0,-1
,,,,,,,,,,,,,,,,,,,,,,,,,,,,,,,,,,,,,,1,0
,,,,,,,,,,,,,,,,,,,,,,,,,,,,,,,,,,,,,,0,-1
,,,,,,,,,,,,,,,,,,,,,,,,,,,,,,,,,,,,,,0,-1
,,,,,,,,,,,,,,,,,,,,,,,,,,,,,,,,,,,,,,1,0
,,,,,,,,,,,,,,,,,,,,,,,,,,,,,,,,,,,,,,0,1
